{
  "name": "IQAudioRecorderController",
  "version": "1.2.0",
  "summary": "A drop-in universal library allows to record audio within the app with a nice User Interface.",
  "homepage": "https://github.com/hackiftekhar/IQAudioRecorderController",
  "license": "MIT",
  "authors": {
    "Iftekhar Qurashi": "hack.iftekhar@gmail.com"
  },
  "platforms": {
    "ios": "7.0"
  },
  "source": {
    "git": "https://github.com/hackiftekhar/IQAudioRecorderController.git",
    "tag": "v1.2.0"
  },
  "source_files": "IQAudioRecorderController/**/*.{h,m}",
  "frameworks": [
    "UIKit",
    "AVFoundation"
  ],
  "dependencies": {
    "SCSiriWaveformView": []
  },
  "resources": "IQAudioRecorderController/Resources/*.{png}",
  "requires_arc": true
}
